"Name","Frequency"
"BENJAMIN",772
"LIAM",745
"NOAH",745
"ETHAN",720
"LUCAS",676
"WILLIAM",642
"JACOB",626
"OLIVER",603
"JAMES",585
"LOGAN",561
"NATHAN",504
"ALEXANDER",495
"OWEN",495
"JACK",491
"MASON",485
"DANIEL",443
"JACKSON",423
"LINCOLN",421
"ADAM",412
"AIDEN",403
"GABRIEL",400
"RYAN",389
"HENRY",384
"SAMUEL",365
"CARTER",364
"MICHAEL",363
"JOSHUA",357
"THOMAS",353
"MATTHEW",347
"HUDSON",344
"HUNTER",329
"WYATT",312
"ISAAC",307
"DAVID",305
"CONNOR",297
"EVAN",297
"THEODORE",297
"NICHOLAS",295
"CALEB",292
"LEO",290
"ELIJAH",284
"JAYDEN",284
"GRAYSON",283
"SEBASTIAN",283
"JOSEPH",279
"LUKE",275
"JAXON",273
"MUHAMMAD",270
"AUSTIN",269
"ZACHARY",269
"NOLAN",257
"JOHN",256
"ANDREW",237
"ANTHONY",234
"LEVI",232
"MARCUS",232
"EMMETT",228
"DYLAN",226
"CAMERON",222
"CHARLES",210
"XAVIER",209
"COLTON",206
"BLAKE",204
"CHRISTIAN",196
"DOMINIC",193
"AARON",191
"TRISTAN",190
"HARRISON",188
"NATHANIEL",188
"WESLEY",186
"LUCA",185
"MAX",185
"JORDAN",184
"ADRIAN",183
"COLE",183
"JONATHAN",179
"GAVIN",178
"BRAYDEN",177
"LANDON",175
"PARKER",173
"CHASE",172
"EASTON",169
"JULIAN",165
"ISAIAH",163
"JASON",163
"CARSON",162
"TYLER",162
"ALI",161
"GEORGE",160
"JAXSON",160
"BENNETT",159
"MAXWELL",159
"SAWYER",155
"ELI",152
"EVERETT",148
"MATTEO",148
"IBRAHIM",143
"KAI",143
"ELIAS",141
"DECLAN",140
"CHRISTOPHER",138
"RYDER",134
"CHARLIE",133
"COOPER",131
"ASHER",130
"MILES",129
"MATEO",128
"FELIX",127
"BENTLEY",126
"NASH",126
"ELLIOT",125
"JUSTIN",125
"ROWAN",124
"EZRA",122
"KAYDEN",122
"VINCENT",122
"JAKE",120
"ERIC",119
"COHEN",118
"JASPER",117
"LUKAS",116
"GREYSON",115
"HAYDEN",115
"JACE",115
"ASHTON",114
"RILEY",114
"BRODY",112
"AIDAN",111
"MYLES",111
"SIMON",109
"SPENCER",108
"AVERY",107
"EDWARD",107
"ALEX",106
"OMAR",106
"RYKER",105
"ROBERT",104
"FINN",102
"AYDEN",100
"GRIFFIN",100
"IAN",100
"ELLIOTT",99
"MAXIMUS",99
"OSCAR",99
"EMERSON",98
"MAVERICK",98
"LEONARDO",95
"ROMAN",95
"PATRICK",93
"BRYCE",92
"THEO",91
"TYSON",91
"SILAS",90
"HAMZA",89
"KYLE",88
"PETER",88
"BRYSON",87
"YUSUF",87
"MICAH",85
"WESTON",85
"CALLUM",84
"JEREMIAH",84
"CLARK",83
"DANTE",83
"KEVIN",83
"REID",83
"CALVIN",82
"JUDE",82
"AARAV",81
"COLIN",80
"MOHAMMAD",80
"ZAYN",80
"KAIDEN",79
"KINGSTON",79
"FINLEY",78
"KALEB",77
"NICOLAS",77
"PRESTON",77
"BEAU",75
"ABDULLAH",74
"LUKA",74
"MARK",74
"JAX",73
"JEREMY",73
"ARTHUR",71
"JONAH",71
"JOSIAH",70
"KIAN",70
"JAYCE",69
"JESSE",69
"LACHLAN",69
"TIMOTHY",69
"ABEL",68
"ARCHER",68
"JOEL",68
"IVAN",67
"MALCOLM",67
"AHMED",66
"ARJUN",65
"AYAAN",65
"DAMIAN",65
"MARCO",65
"RHYS",65
"BRANDON",64
"RONAN",64
"RIVER",63
"JADEN",61
"RICHARD",61
"XANDER",61
"DEAN",60
"LORENZO",60
"MOHAMMED",60
"QUINN",60
"VICTOR",60
"ODIN",59
"ZANE",59
"MARTIN",58
"AHMAD",57
"DAMIEN",57
"SEAN",57
"EMMANUEL",56
"LOCHLAN",56
"MADDOX",56
"PHOENIX",56
"DAWSON",55
"HARVEY",55
"MIGUEL",55
"RAYAN",55
"SETH",55
"MARSHALL",54
"ZION",54
"AMIR",53
"EZEKIEL",53
"ARYAN",52
"BODHI",52
"BRADY",52
"HUGO",52
"LOUIS",52
"RORY",52
"ANTONIO",51
"PAUL",51
"RYLAN",51
"TRAVIS",51
"BECKETT",50
"JASE",50
"KIERAN",50
"SULLIVAN",50
"TOBIAS",50
"ZAIN",50
"CAMDEN",49
"MILO",49
"MUSA",49
"RAYYAN",49
"SYED",49
"TROY",49
"BRADLEY",48
"JAMESON",48
"MALACHI",48
"MOHAMED",48
"PHILIP",48
"SAM",48
"TANNER",48
"ZANDER",48
"HOLDEN",47
"ALEXANDRE",46
"BRIAN",46
"OLIVIER",46
"BENSON",45
"DARIUS",45
"KEEGAN",45
"RUSSELL",45
"BRUCE",44
"MARKUS",44
"YOUSEF",44
"ANDRE",43
"ARLO",43
"AXEL",43
"CAYDEN",43
"CONOR",43
"MAXIM",43
"MILLER",43
"JUDAH",42
"KANE",42
"LENNOX",42
"MUSTAFA",42
"NICO",42
"ARI",41
"ARMAAN",41
"ATTICUS",41
"ERIK",41
"JAKOB",41
"KENNETH",41
"RAFAEL",41
"SANTIAGO",41
"STEVEN",41
"WINSTON",41
"AYDIN",40
"CADEN",40
"DALLAS",40
"DAXTON",40
"ENZO",40
"SHAWN",40
"CYRUS",39
"DESMOND",39
"NEIL",39
"QUINTON",39
"STEFAN",39
"CLAYTON",38
"FÉLIX",38
"GORDON",38
"KINGSLEY",38
"LEON",38
"JOHNATHAN",37
"KADEN",37
"LEWIS",37
"MALIK",37
"MILAN",37
"RAYMOND",37
"ALESSANDRO",36
"BROCK",36
"DEACON",36
"HASSAN",36
"RAPHAEL",36
"REED",36
"CODY",35
"ELLIS",35
"HENDRIX",35
"HUGH",35
"JAIDEN",35
"KARSON",35
"STEPHEN",35
"TUCKER",35
"YAHYA",35
"BOWEN",34
"BRYAN",34
"GAGE",34
"MAXIMILIAN",34
"MORGAN",34
"NIKOLAS",34
"WALKER",34
"ABRAHAM",33
"FINNEGAN",33
"GIOVANNI",33
"LAWSON",33
"NIXON",33
"REMINGTON",33
"ROHAN",33
"SHANE",33
"ADRIANO",32
"BRAXTON",32
"EDISON",32
"EDWIN",32
"KAREEM",32
"KEATON",32
"RAIDEN",32
"VIHAAN",32
"YASEEN",32
"AUGUST",31
"BEN",31
"DEREK",31
"DOMINIK",31
"FREDERICK",31
"KNOX",31
"LANDEN",31
"PRINCE",31
"ZAYD",31
"AARYAN",30
"ABDUL",30
"ALVIN",30
"CRUZ",30
"FRANCIS",30
"JONAS",30
"JULIEN",30
"NIKOLA",30
"ROCCO",30
"TREVOR",30
"ZAYDEN",30
"DAMON",29
"FINNLEY",29
"HUSSAIN",29
"KYRIE",29
"MASSIMO",29
"NIKO",29
"ALEC",28
"CASEY",28
"DAVIS",28
"FRANK",28
"GIANLUCA",28
"GRAHAM",28
"KING",28
"LENNON",28
"MAXIME",28
"MITCHELL",28
"RONIN",28
"ANGELO",27
"ATLAS",27
"BILAL",27
"COLBY",27
"JAMIE",27
"OTIS",27
"SKYLER",27
"ANDERSON",26
"ANDY",26
"AYAN",26
"BROOKS",26
"CORBIN",26
"DAX",26
"FOX",26
"ILYAS",26
"JEFFREY",26
"KOHEN",26
"QUENTIN",26
"TOBY",26
"ZAID",26
"ALBERT",25
"ALESSIO",25
"ARHAM",25
"BARRETT",25
"BRANTLEY",25
"DARREN",25
"EESA",25
"GRANT",25
"KELLAN",25
"KOLTON",25
"MAGNUS",25
"MALAKAI",25
"MARKO",25
"MATIAS",25
"ROMEO",25
"WALTER",25
"ZAKARIYA",25
"BRODIE",24
"DEXTER",24
"DUNCAN",24
"EMILIO",24
"EWAN",24
"HARRY",24
"HASAN",24
"JENSEN",24
"KARTER",24
"ORION",24
"PAXTON",24
"SCOTT",24
"YOUSUF",24
"ALAN",23
"AMARI",23
"CRISTIAN",23
"CULLEN",23
"CURTIS",23
"GRADY",23
"JAD",23
"JOHNNY",23
"KRISH",23
"NIKOLAI",23
"REMY",23
"STERLING",23
"TAYLOR",23
"ZAYNE",23
"ACE",22
"ALLEN",22
"ANSON",22
"ARMAN",22
"CRISTIANO",22
"DOMENIC",22
"DONOVAN",22
"JOEY",22
"JULIUS",22
"KILLIAN",22
"LÉO",22
"MIKAEL",22
"OAKLEY",22
"TIAGO",22
"ZACK",22
"EDEN",21
"GIDEON",21
"HADI",21
"KEENAN",21
"KHALID",21
"LEONIDAS",21
"MAKSIM",21
"MARCEL",21
"MATHIAS",21
"MATTHIAS",21
"ROBIN",21
"SAHIB",21
"SAMI",21
"TITUS",21
"WESTLEY",21
"ABBAS",20
"AMMAR",20
"ANGAD",20
"ANTOINE",20
"ANTON",20
"ARVIN",20
"ASHWIN",20
"BABY",20
"BECKHAM",20
"CASSIUS",20
"CEDRIC",20
"DUSTIN",20
"ISHAAN",20
"ISRAEL",20
"JOHAN",20
"KHALIL",20
"KYLER",20
"LANDYN",20
"LINDEN",20
"MAHDI",20
"MEMPHIS",20
"REECE",20
"REUBEN",20
"ROWEN",20
"RYLAND",20
"SOREN",20
"WADE",20
"YOUSSEF",20
"YUVRAJ",20
"ZAVIER",20
"AAYAN",19
"ABRAM",19
"BRENNAN",19
"BRETT",19
"COLLIN",19
"DREW",19
"FATEH",19
"GARRETT",19
"HANK",19
"HUXLEY",19
"JAY",19
"JETT",19
"KADE",19
"KIAAN",19
"LAWRENCE",19
"LEANDRO",19
"LEONARD",19
"MARC",19
"MIKHAIL",19
"MOHAMAD",19
"PIERCE",19
"QUINTIN",19
"ROY",19
"THÉO",19
"VINCENZO",19
"WALI",19
"ZACKARY",19
"ANDREI",18
"APOLLO",18
"AVEER",18
"BRADEN",18
"CALLAN",18
"CARL",18
"CARLOS",18
"CONNER",18
"DEVIN",18
"DOMINICK",18
"EASON",18
"HAIDER",18
"HUSSEIN",18
"ISA",18
"JARED",18
"JUAN",18
"KABIR",18
"KOBE",18
"MADDEN",18
"MATHIS",18
"RAPHAËL",18
"RAYAAN",18
"RHETT",18
"ROYCE",18
"TAHA",18
"VIVAAN",18
"ZACHARIAH",18
"ZAYAN",18
"AARIZ",17
"ADRIEN",17
"AGAM",17
"ALDEN",17
"BRENDAN",17
"COEN",17
"DARIO",17
"DENVER",17
"DIEGO",17
"DIMITRI",17
"EMMITT",17
"FLETCHER",17
"HENRIK",17
"LUCIANO",17
"RIAAN",17
"SAMSON",17
"TATUM",17
"VAN",17
"AMEER",16
"ANAS",16
"AUSTON",16
"COLT",16
"DAKOTA",16
"DALTON",16
"ÉMILE",16
"FINNIGAN",16
"FLYNN",16
"FRANCESCO",16
"HARLEY",16
"IDRIS",16
"IMRAN",16
"ISAAK",16
"ISSA",16
"ISSAC",16
"JOVAN",16
"KAMERON",16
"KASH",16
"KAYSON",16
"KEITH",16
"KENDRICK",16
"MANRAJ",16
"ROLAND",16
"TATE",16
"TOMMY",16
"TRENT",16
"VEER",16
"WALLACE",16
"WAYLON",16
"ABDULAZIZ",15
"ADRIEL",15
"AJAY",15
"AYOUB",15
"CARMELO",15
"DAVIN",15
"DENNIS",15
"DHRUV",15
"DOMENICO",15
"EMERY",15
"EMMET",15
"FARIS",15
"KYSON",15
"LOÏC",15
"LOUIE",15
"LUIS",15
"MATHEW",15
"NATHANAEL",15
"NIAM",15
"OSKAR",15
"PEYTON",15
"PRINCETON",15
"REYANSH",15
"SAIF",15
"SHEA",15
"SOLOMON",15
"STANLEY",15
"STEFANO",15
"WARREN",15
"ALISTAIR",14
"ARIAN",14
"ARMIN",14
"AUGUSTUS",14
"BRONSON",14
"CALLEN",14
"CHANCE",14
"CIAN",14
"COLTEN",14
"CONRAD",14
"DEV",14
"DEVON",14
"DONALD",14
"GIBSON",14
"GREGORY",14
"ISMAIL",14
"JAYSON",14
"JEEVAN",14
"JOAQUIN",14
"KAEDEN",14
"KARIM",14
"KOEN",14
"KRISTIAN",14
"LAITH",14
"LEIF",14
"LEVON",14
"MAKAI",14
"MARCELLO",14
"MAREK",14
"MARVIN",14
"MOSES",14
"RAY",14
"REIGN",14
"TENZIN",14
"TERRENCE",14
"TRENTON",14
"TY",14
"USMAN",14
"VAUGHN",14
"VINCE",14
"YOUSIF",14
"AARUSH",13
"ADEN",13
"ALEJANDRO",13
"ALEKSANDAR",13
"ALEXIS",13
"ALFRED",13
"ANDREAS",13
"ANGEL",13
"ANGUS",13
"ARTIN",13
"AUSTEN",13
"AZAAN",13
"BRAYDON",13
"CAIDEN",13
"CAIRO",13
"CASH",13
"CAYSON",13
"CHRIS",13
"DARIAN",13
"DOUGLAS",13
"FINLAY",13
"FORREST",13
"GUNNAR",13
"IBRAHEEM",13
"JAKUB",13
"JOSE",13
"JUSTICE",13
"JUSTUS",13
"KARL",13
"LELAND",13
"LEV",13
"LIONEL",13
"MACKENZIE",13
"MAXTON",13
"MIKAIL",13
"NATE",13
"PORTER",13
"QASIM",13
"REESE",13
"RIAN",13
"RICKY",13
"SAAD",13
"SEBASTIEN",13
"SHAAN",13
"SUBHAN",13
"THIAGO",13
"WILLEM",13
"WILSON",13
"ZAKARIA",13
"ADVIK",12
"AFFAN",12
"ALEKSANDER",12
"ALLAN",12
"ANDRÉ",12
"ANSH",12
"ARES",12
"ARIS",12
"ARSH",12
"BOSTON",12
"CAIN",12
"CILLIAN",12
"COREY",12
"CORMAC",12
"ELYAS",12
"ENOCH",12
"EUGENE",12
"GRAYDON",12
"GUNNER",12
"GURFATEH",12
"JAMAL",12
"JAVIER",12
"JAYLEN",12
"JENSON",12
"JERRY",12
"KASEN",12
"KURTIS",12
"MARIO",12
"MAXIMILIANO",12
"MERRICK",12
"NIGEL",12
"NIKHIL",12
"NOEL",12
"RAYDEN",12
"REMI",12
"SALMAN",12
"SANTINO",12
"SHAYAN",12
"SHILOH",12
"SIDNEY",12
"SMITH",12
"THÉODORE",12
"UMAR",12
"URIAH",12
"VALENTINO",12
"VIRAJ",12
"YAZAN",12
"YUSEF",12
"ABDURRAHMAN",11
"ADITYA",11
"ADNAN",11
"AEDAN",11
"ALEK",11
"ANMOL",11
"AXL",11
"AZARIAH",11
"AZLAN",11
"BRYCEN",11
"CÉDRIC",11
"CLYDE",11
"CORNELIUS",11
"DANIYAL",11
"DILLON",11
"DUKE",11
"EDDIE",11
"ELVIS",11
"FAISAL",11
"FILIP",11
"HARIS",11
"HARRIS",11
"HENDRIK",11
"HENRI",11
"JACKY",11
"JAGGER",11
"JAI",11
"JAXTON",11
"JEROME",11
"KRISHNA",11
"KYE",11
"LANE",11
"LEGEND",11
"LONDON",11
"LUCIAN",11
"LUCIEN",11
"MALEK",11
"MICHEAL",11
"MUHAMMED",11
"NEHEMIAH",11
"NIHAL",11
"OMER",11
"ORSON",11
"RYERSON",11
"RYLEY",11
"SAHIL",11
"SKYLAR",11
"SONNY",11
"TITAN",11
"TOMAS",11
"TONY",11
"WARIS",11
"WILL",11
"YASIN",11
"YASSIN",11
"ZORAWAR",11
"ABDALLAH",10
"AMOS",10
"ANDRES",10
"AREN",10
"BENEDICT",10
"BO",10
"BODIE",10
"BRUNO",10
"CADE",10
"CALUM",10
"DARWIN",10
"DORIAN",10
"EAMON",10
"EKAM",10
"ELIOT",10
"EYAD",10
"FOSTER",10
"GERALD",10
"GIACOMO",10
"GIUSEPPE",10
"GRAYSEN",10
"HASHIM",10
"JAIRUS",10
"JALEN",10
"JAXEN",10
"JAYDON",10
"JEDIDIAH",10
"JET",10
"JETHRO",10
"KASON",10
"KAVIN",10
"KAYSEN",10
"KHALED",10
"KOHL",10
"LINKIN",10
"LUCCA",10
"MAHMOUD",10
"NELSON",10
"ORLANDO",10
"QUINCY",10
"RANVEER",10
"RAYLAN",10
"RIO",10
"RISHAAN",10
"RONALD",10
"SALVATORE",10
"SÉBASTIEN",10
"SHAUN",10
"SULAIMAN",10
"SULTAN",10
"VARUN",10
"VIAAN",10
"VIKTOR",10
"VLADIMIR",10
"YASIR",10
"YUNUS",10
"ZAIDEN",10
"ZECHARIAH",10
"AAHIL",9
"ABDULRAHMAN",9
"ADIL",9
"AKASH",9
"AKSHAYAN",9
"ANISH",9
"ANWAR",9
"ARIYAN",9
"ARJAN",9
"ARON",9
"ATHARV",9
"AVI",9
"AVIRAJ",9
"AXTON",9
"AYMAN",9
"BRAEDEN",9
"BRENT",9
"CHACE",9
"CHARBEL",9
"COLSON",9
"CORY",9
"DANE",9
"DARIEN",9
"DAWOOD",9
"EDMUND",9
"EMILE",9
"FELIPE",9
"GIANCARLO",9
"GUS",9
"HAMZAH",9
"HAROON",9
"HEATH",9
"HIMMAT",9
"ISIAH",9
"JAIVEER",9
"JAWAD",9
"JIMMY",9
"JOSH",9
"JUNIOR",9
"KARAM",9
"KODY",9
"LANCE",9
"LARRY",9
"LEE",9
"LEROY",9
"LINUS",9
"MAAZ",9
"MANUEL",9
"MATEUS",9
"MATHIEU",9
"MAXX",9
"MAZEN",9
"MEHTAB",9
"NASIR",9
"NEEL",9
"NEVIN",9
"NICK",9
"NYLE",9
"OMARI",9
"PHILIPPE",9
"REGINALD",9
"REILLY",9
"ROGER",9
"SAI",9
"TEJAS",9
"TOBIN",9
"TREY",9
"WILLY",9
"YANNICK",9
"ZEV",9
"ACHILLES",8
"ALSTON",8
"ARAD",8
"ARAN",8
"ARCHIE",8
"ARMANDO",8
"AVRAJ",8
"BAILEY",8
"BLAIR",8
"BRENDEN",8
"BYRON",8
"CALLAHAN",8
"CAMILO",8
"CHEVY",8
"CLARKE",8
"DILAN",8
"DRAVEN",8
"EDGAR",8
"EMANUEL",8
"EMIR",8
"ESA",8
"EVANDER",8
"EVEREST",8
"FAHAD",8
"FERNANDO",8
"FINDLAY",8
"FINNIAN",8
"FYNN",8
"GIAN",8
"GURMAN",8
"GURSHAN",8
"HANS",8
"HAROLD",8
"HASHIR",8
"IRA",8
"IVAAN",8
"JADON",8
"JAMIESON",8
"JEAN",8
"JOAQUIM",8
"JULES",8
"KEON",8
"KIYAN",8
"KOLBY",8
"KOLE",8
"KRISTOPHER",8
"KYLO",8
"LEIGHTON",8
"LUC",8
"LYNDON",8
"MATHÉO",8
"MUJTABA",8
"MYLO",8
"NEAL",8
"NICKOLAS",8
"NIVAAN",8
"OZZY",8
"PANAGIOTIS",8
"PEARSON",8
"PHILLIP",8
"PRANAV",8
"QUINTUS",8
"RÉMI",8
"ROCKY",8
"ROSHAN",8
"RUDY",8
"RYDEN",8
"RYU",8
"SALIM",8
"SAMAR",8
"SAMIR",8
"SAYED",8
"SEAMUS",8
"SEHAJ",8
"SERGIO",8
"SHAYAAN",8
"SYDNEY",8
"TEO",8
"TEODOR",8
"THORIN",8
"TIBERIUS",8
"TRISTEN",8
"TRYSTAN",8
"UZAIR",8
"WAYNE",8
"WESTIN",8
"ZAC",8
"ZACHARIE",8
"ZAYYAN",8
"ALIJAH",7
"ANAKIN",7
"ANDERS",7
"ANTONI",7
"ARNAV",7
"ARYA",7
"ASH",7
"AUGUSTIN",7
"AYANSH",7
"AZIZ",7
"BASTIAN",7
"BOWIE",7
"CAIUS",7
"CALDER",7
"CAMPBELL",7
"CASTIEL",7
"CHAD",7
"CORBYN",7
"CROSBY",7
"DANILO",7
"DANNY",7
"DASHIELL",7
"DERRICK",7
"DEVAN",7
"DEVEN",7
"EDDISON",7
"ELNATHAN",7
"EMIL",7
"ERICK",7
"ERNEST",7
"FARES",7
"FINDLEY",7
"FINNICK",7
"FIONN",7
"FISHER",7
"FRANCISCO",7
"FRASER",7
"GEOFFREY",7
"GURTAJ",7
"HAADI",7
"ILYA",7
"ISHAN",7
"ISMAEEL",7
"IZYAN",7
"JACQUES",7
"JAHEIM",7
"JARVIS",7
"JAXXON",7
"JIBREEL",7
"JON",7
"JORGE",7
"JUN",7
"KAMRAN",7
"KARMAN",7
"KAVAN",7
"KEAGAN",7
"KELVIN",7
"KENAN",7
"KENZO",7
"KIDUS",7
"KYREN",7
"LEONEL",7
"LLEWYN",7
"LUCIUS",7
"MARCELO",7
"MARCOS",7
"MARLON",7
"MATT",7
"MEKHI",7
"MESSIAH",7
"MIKA",7
"MIKAEEL",7
"MOHID",7
"MONTGOMERY",7
"MOSHE",7
"NABIL",7
"NORMAN",7
"NOVA",7
"PAOLO",7
"QUINTEN",7
"RAINE",7
"RAZA",7
"REHAN",7
"RICARDO",7
"RIDWAN",7
"RISHI",7
"ROHAAN",7
"ROSS",7
"SALEM",7
"SAUL",7
"SHEPHERD",7
"SHIV",7
"SHREY",7
"SULEIMAN",7
"SYLAS",7
"TAIM",7
"TALHA",7
"TAYM",7
"TEGH",7
"TERRANCE",7
"THATCHER",7
"THEODOR",7
"TURNER",7
"TYRELL",7
"VIHAN",7
"VUK",7
"WALID",7
"WILDER",7
"WOLFGANG",7
"YOSEF",7
"YOUNIS",7
"ZAKARY",7
"ZIDAN",7
"AARAN",6
"ABDIRAHMAN",6
"ADONIS",6
"ADYAN",6
"AGAMBIR",6
"AJ",6
"AJEET",6
"ALEXANDROS",6
"ALLISTER",6
"AMIN",6
"ANDREJ",6
"ANHAD",6
"ARIE",6
"ARIEL",6
"ARSHAN",6
"ARTEEN",6
"ARUN",6
"AUBREY",6
"AYDAN",6
"BELLAMY",6
"BERNARD",6
"BISHOP",6
"BRODERICK",6
"CAEDEN",6
"CAELAN",6
"CAINE",6
"CARSEN",6
"CASPIAN",6
"CLEMENT",6
"CLIVE",6
"DARSH",6
"DAWUD",6
"DEKLAN",6
"DENIS",6
"DENIZ",6
"DENZEL",6
"DIEDRICH",6
"DION",6
"DRAKE",6
"EHSAN",6
"EISA",6
"ELIOTT",6
"EMILIANO",6
"FAAIZ",6
"FARHAN",6
"FITZGERALD",6
"FRANKIE",6
"FREDDY",6
"GABRIELE",6
"GAVYN",6
"GIANNI",6
"GILBERT",6
"GIORDANO",6
"GREY",6
"GRYPHON",6
"GURBAAZ",6
"HAIDEN",6
"HANSON",6
"HARFATEH",6
"HEZEKIAH",6
"HOUSTON",6
"IDREES",6
"ISMAEL",6
"IZAAK",6
"JACOBY",6
"JAHLEEL",6
"JAMARI",6
"JAMISON",6
"JAN",6
"JAXSEN",6
"JAYCEON",6
"JAYDAN",6
"JAYEN",6
"JEFFERY",6
"JERICHO",6
"JEVON",6
"JIA",6
"JIBRIL",6
"JOE",6
"JUJHAR",6
"KAAN",6
"KAEL",6
"KAINE",6
"KAIRO",6
"KAITO",6
"KAIUS",6
"KALVIN",6
"KARAN",6
"KARSEN",6
"KEANU",6
"KEN",6
"KENT",6
"KEYAAN",6
"KEYAN",6
"KIMI",6
"KOA",6
"KORBIN",6
"KRISHIV",6
"KYAN",6
"LAYNE",6
"LAYTON",6
"LAZAR",6
"LESTER",6
"LOGEN",6
"LOUKA",6
"LYLE",6
"MAISON",6
"MAKSYM",6
"MANVEER",6
"MARLEY",6
"MATÍAS",6
"MAVRICK",6
"MAXSON",6
"MAYSON",6
"MEHDI",6
"MINH",6
"MOHSIN",6
"MOUSA",6
"NAKSH",6
"NIHAAL",6
"NIKITA",6
"OJAS",6
"OLLIE",6
"ONYX",6
"OSMAN",6
"PABLO",6
"PARSA",6
"RAHEEM",6
"RALPH",6
"RAMI",6
"RANVIR",6
"REN",6
"ROAN",6
"RODERICK",6
"RODNEY",6
"RODRIGO",6
"RON",6
"SAEED",6
"SAFWAN",6
"SASHA",6
"SELIM",6
"SHAYNE",6
"SHELDON",6
"SHIVAM",6
"SIDDHARTH",6
"SIMEON",6
"SLATER",6
"STEVE",6
"SUTTON",6
"TALON",6
"TEEGAN",6
"TENNYSON",6
"TERENCE",6
"TERRY",6
"THADDEUS",6
"TRACE",6
"TRISTIN",6
"WES",6
"WILHELM",6
"WREN",6
"WYLDER",6
"YUG",6
"ZACH",6
"ZAHIR",6
"ZAK",6
"ZAKAI",6
"ZAKI",6
"ZEPHYR",6
"ZIYAD",6
"ZUBAIR",6
